Title,Link
Khôi phục đường bay đến Trung Quốc,https://vnexpress.net/khoi-phuc-duong-bay-den-trung-quoc-4129702.html
Khôi phục đường bay đến Trung Quốc,https://vnexpress.net/khoi-phuc-duong-bay-den-trung-quoc-4129702.html
Khôi phục đường bay đến Trung Quốc,https://vnexpress.net/khoi-phuc-duong-bay-den-trung-quoc-4129702.html
Khôi phục đường bay đến Trung Quốc,https://vnexpress.net/khoi-phuc-duong-bay-den-trung-quoc-4129702.html
,https://vnexpress.net/khoi-phuc-duong-bay-den-trung-quoc-4129702.html#box_comment_vne
Lục Triều Vỹ 'lừa nhiều đại gia mua dâm',https://vnexpress.net/luc-trieu-vy-lua-nhieu-dai-gia-mua-dam-4129707.html
Lục Triều Vỹ 'lừa nhiều đại gia mua dâm',https://vnexpress.net/luc-trieu-vy-lua-nhieu-dai-gia-mua-dam-4129707.html
,https://vnexpress.net/luc-trieu-vy-lua-nhieu-dai-gia-mua-dam-4129707.html#box_comment_vne
Mỹ chìm sâu trong 'hố đen' Covid-19,https://vnexpress.net/my-chim-sau-trong-ho-den-covid-19-4128279.html
Mỹ chìm sâu trong 'hố đen' Covid-19,https://vnexpress.net/my-chim-sau-trong-ho-den-covid-19-4128279.html
,https://vnexpress.net/my-chim-sau-trong-ho-den-covid-19-4128279.html#box_comment_vne
Ngày đáng nhớ nhất đời tôi,https://vnexpress.net/ngay-dang-nho-nhat-doi-toi-4129413.html
Ngày đáng nhớ nhất đời tôi,https://vnexpress.net/ngay-dang-nho-nhat-doi-toi-4129413.html
Nguyễn Đình Lương,https://vnexpress.net/tac-gia/nguyen-dinh-luong-1316.html
,https://vnexpress.net/ngay-dang-nho-nhat-doi-toi-4129413.html#box_comment_vne
Nguyễn Đình Lương,https://vnexpress.net/tac-gia/nguyen-dinh-luong-1316.html
